Pollutant:,OC,Unit: grams,,,,,,,,,,,,,,,,,,,,,,,,,,,,,,,,,,
,2015.0,2016.0,2017.0,2018.0,2019.0,2020.0,2021.0,2022.0,2023.0,2024.0,2025.0,2026.0,2027.0,2028.0,2029.0,2030.0,2031.0,2032.0,2033.0,2034.0,2035.0,2036.0,2037.0,2038.0,2039.0,2040.0,2041.0,2042.0,2043.0,2044.0,2045.0,2046.0,2047.0,2048.0,2049.0,2050.0
agriculture and forestry 01T03,0.0,0.0,0.0,0.0,0.0,32749.87468671679,32975.43859649123,33201.002506265664,35109.71128608924,35849.76544000063,36227.954709169215,36523.60753943973,36810.645982291324,37070.39154687646,37357.98899266513,37636.22157574312,37570.28323297985,37593.16969015094,37433.83827768133,37363.441116056325,37284.817678100444,37253.62420539452,37211.03847828626,37212.27233239582,37212.28578428182,37211.574330136704,37197.256816814115,37250.857204407315,37288.830363901376,37343.96413026198,37443.75759857187,37762.2790117711,38085.674828054194,38418.77260853114,38706.34433921146,39002.41867451291
coal mining 05,0.0,0.0,0.0,0.0,0.0,0.0,0.0,0.0,0.0,0.0,0.0,0.0,0.0,0.0,0.0,0.0,0.0,0.0,0.0,0.0,0.0,0.0,0.0,0.0,0.0,0.0,0.0,0.0,0.0,0.0,0.0,0.0,0.0,0.0,0.0,0.0
oil and gas extraction 06,0.0,0.0,0.0,0.0,0.0,0.0,0.0,0.0,0.0,0.0,0.0,0.0,0.0,0.0,0.0,0.0,0.0,0.0,0.0,0.0,0.0,0.0,0.0,0.0,0.0,0.0,0.0,0.0,0.0,0.0,0.0,0.0,0.0,0.0,0.0,0.0
other mining and quarrying 07T08,0.0,0.0,0.0,0.0,0.0,0.0,0.0,0.0,0.0,0.0,0.0,0.0,0.0,0.0,0.0,0.0,0.0,0.0,0.0,0.0,0.0,0.0,0.0,0.0,0.0,0.0,0.0,0.0,0.0,0.0,0.0,0.0,0.0,0.0,0.0,0.0
food beverage and tobacco 10T12,0.0,0.0,0.0,0.0,0.0,0.0,0.0,0.0,0.0,0.0,0.0,0.0,0.0,0.0,0.0,0.0,0.0,0.0,0.0,0.0,0.0,0.0,0.0,0.0,0.0,0.0,0.0,0.0,0.0,0.0,0.0,0.0,0.0,0.0,0.0,0.0
textiles apparel and leather 13T15,0.0,0.0,0.0,0.0,0.0,0.0,0.0,0.0,0.0,0.0,0.0,0.0,0.0,0.0,0.0,0.0,0.0,0.0,0.0,0.0,0.0,0.0,0.0,0.0,0.0,0.0,0.0,0.0,0.0,0.0,0.0,0.0,0.0,0.0,0.0,0.0
wood products 16,0.0,0.0,0.0,0.0,0.0,0.0,0.0,0.0,0.0,0.0,0.0,0.0,0.0,0.0,0.0,0.0,0.0,0.0,0.0,0.0,0.0,0.0,0.0,0.0,0.0,0.0,0.0,0.0,0.0,0.0,0.0,0.0,0.0,0.0,0.0,0.0
pulp paper and printing 17T18,0.0,0.0,0.0,0.0,0.0,39241304.347826086,39806286.320254505,42174144.85845836,43702401.08720505,43262331.60459098,43225639.78417373,43392726.16313296,43358407.59821463,43539248.64293178,43836619.28008391,44062167.41815107,44501513.95913513,44927037.68486114,45182290.98391619,45508879.18724792,45824933.37537992,45916076.690531276,46090556.015806876,46533772.428006396,46559398.32262722,46984322.973979495,47578695.06266396,48031489.5976425,48373334.73920672,48556593.99917236,48710551.045506045,48878859.675551504,48871370.6812573,48941477.28746101,49076114.69484664,49238044.698072664
refined petroleum and coke 19,0.0,0.0,0.0,0.0,0.0,572302.5011165699,573945.064761054,575716.1938798302,532536.8396981477,696798.9568982242,732255.694068984,773712.2796363407,805661.4265293413,800377.3880705789,783582.7843265281,779145.6600552632,768138.7678108993,787750.780064993,792192.6586481832,790876.6881345821,804847.3310222969,806172.2672203882,815508.9036699868,806552.0109836104,807166.0788558967,808590.3690174845,800481.4987529508,807788.0714718767,804443.3176132604,809758.5024590909,812301.1515888574,871981.2180802767,871557.4804946824,834417.6234653507,811722.9657154941,819934.6750482774
chemicals 20,0.0,0.0,0.0,0.0,0.0,4600275.981274757,3213165.973581603,3007746.5840682155,3274045.016891892,3657882.3240924864,3255398.051561349,2980897.6441260446,3109619.659470762,3252192.604171131,3392771.2449754565,3517961.555771721,3608171.5657134736,3693936.915164416,3820148.2828094005,3923706.2882329766,4012751.3514580657,4134203.2529924354,4249287.729485935,4341725.653838465,4409719.505042811,4486910.102701682,4567547.668578261,4723409.961347195,4883324.8521647975,5006133.243805897,5145503.945916789,5208165.040712874,5237297.063187192,5262462.955435653,5348740.970777376,5460557.300837962
rubber and plastic products 22,0.0,0.0,0.0,0.0,0.0,0.0,0.0,0.0,0.0,0.0,0.0,0.0,0.0,0.0,0.0,0.0,0.0,0.0,0.0,0.0,0.0,0.0,0.0,0.0,0.0,0.0,0.0,0.0,0.0,0.0,0.0,0.0,0.0,0.0,0.0,0.0
glass and glass products 231,0.0,0.0,0.0,0.0,0.0,0.0,0.0,0.0,0.0,0.0,0.0,0.0,0.0,0.0,0.0,0.0,0.0,0.0,0.0,0.0,0.0,0.0,0.0,0.0,0.0,0.0,0.0,0.0,0.0,0.0,0.0,0.0,0.0,0.0,0.0,0.0
cement and other nonmetallic minerals 239,0.0,0.0,0.0,0.0,0.0,9364185.591654895,9798978.593936758,9343750.0,9740078.973346496,11081621.087740824,10085922.117109455,9336618.268417718,8873485.497882634,8495078.838517375,8381427.503397378,8251474.710666306,8136478.117403959,8032445.625971155,6664244.702505322,6409437.062936873,6126076.390773781,5855819.20819447,5687841.133106548,5545475.417412748,5315359.312306489,5167170.509750802,5006258.876176867,4867312.31034284,4763174.695508892,4686136.309201828,4565149.216523129,4487452.323229923,4417833.423433287,4343677.435712316,4291182.870394893,4252115.591034271
iron and steel 241,0.0,0.0,0.0,0.0,0.0,7603380.855397149,7691132.382892056,9072285.035629455,8831174.311926605,8561155.249492835,7989281.802381038,7187547.6162706185,6887963.306857873,6983670.795385878,7006321.570812217,6925521.71053685,6776428.057315241,6524268.330140966,6524374.982043833,6635613.0860516885,6665966.100984775,6736218.898709906,6810300.1406906685,6874217.485541253,6956516.52810033,7015872.456911384,7036374.492577453,7106332.309396838,7237122.146172231,7312493.548085113,7335566.245702144,7313977.498376866,7228070.8708294295,7129225.725719175,7133419.062534372,7199937.0415943405
other metals 242,0.0,0.0,0.0,0.0,0.0,3202523.4449760765,3300228.7081339713,3346304.9214659687,3634880.1781737194,3756381.7581252214,3714686.7311718143,3698113.155213051,3778862.442675679,3916124.8499437138,4028797.7023660135,4123921.057238093,4178387.143802344,4186958.0881905947,4184730.6888208147,4195061.865729501,4220686.852629441,4260433.701060485,4303464.573928054,4337028.066089877,4361818.247315959,4405132.8334888285,4438095.715455741,4463898.872160754,4506240.247321538,4550589.570084646,4572691.894535655,4580059.360244785,4585757.466716397,4597139.056460061,4608831.139610386,4607367.453467475
metal products except machinery and vehicles 25,0.0,0.0,0.0,0.0,0.0,0.0,0.0,0.0,0.0,0.0,0.0,0.0,0.0,0.0,0.0,0.0,0.0,0.0,0.0,0.0,0.0,0.0,0.0,0.0,0.0,0.0,0.0,0.0,0.0,0.0,0.0,0.0,0.0,0.0,0.0,0.0
computers and electronics 26,0.0,0.0,0.0,0.0,0.0,0.0,0.0,0.0,0.0,0.0,0.0,0.0,0.0,0.0,0.0,0.0,0.0,0.0,0.0,0.0,0.0,0.0,0.0,0.0,0.0,0.0,0.0,0.0,0.0,0.0,0.0,0.0,0.0,0.0,0.0,0.0
appliances and electrical equipment 27,0.0,0.0,0.0,0.0,0.0,0.0,0.0,0.0,0.0,0.0,0.0,0.0,0.0,0.0,0.0,0.0,0.0,0.0,0.0,0.0,0.0,0.0,0.0,0.0,0.0,0.0,0.0,0.0,0.0,0.0,0.0,0.0,0.0,0.0,0.0,0.0
other machinery 28,0.0,0.0,0.0,0.0,0.0,0.0,0.0,0.0,0.0,0.0,0.0,0.0,0.0,0.0,0.0,0.0,0.0,0.0,0.0,0.0,0.0,0.0,0.0,0.0,0.0,0.0,0.0,0.0,0.0,0.0,0.0,0.0,0.0,0.0,0.0,0.0
road vehicles 29,0.0,0.0,0.0,0.0,0.0,0.0,0.0,0.0,0.0,0.0,0.0,0.0,0.0,0.0,0.0,0.0,0.0,0.0,0.0,0.0,0.0,0.0,0.0,0.0,0.0,0.0,0.0,0.0,0.0,0.0,0.0,0.0,0.0,0.0,0.0,0.0
nonroad vehicles 30,0.0,0.0,0.0,0.0,0.0,0.0,0.0,0.0,0.0,0.0,0.0,0.0,0.0,0.0,0.0,0.0,0.0,0.0,0.0,0.0,0.0,0.0,0.0,0.0,0.0,0.0,0.0,0.0,0.0,0.0,0.0,0.0,0.0,0.0,0.0,0.0
other manufacturing 31T33,0.0,0.0,0.0,0.0,0.0,61878099.558916196,62394926.906112164,67841581.90863818,73761823.28320304,72559951.38421604,70597283.56631838,69596724.423272,69454513.8992107,69704549.35874942,70749562.05456513,72027985.56722224,73272348.42147721,75378695.90073049,77180023.69979513,79044091.68663457,80635526.58775201,81591227.38643396,82817623.41240577,84614313.08555141,85716971.37517403,87374909.45292985,88991058.04069117,90359860.57174787,91442294.03190306,92507529.91822778,93740733.17760581,95873994.51748604,97207617.80842644,98361402.9898098,99634137.71541978,100941615.22759148
energy pipelines and gas processing 352T353,0.0,0.0,0.0,0.0,0.0,7315218.303145854,7287214.489990466,8407884.288395716,9193799.267399268,10558312.93046637,10753836.365174426,10815231.869218085,11523579.681065062,12413681.432201805,12553141.333215311,12754271.173309628,12606314.08447819,12344479.099413045,11901773.07318952,11605043.122794634,11484093.225439342,11472342.338741934,11482268.856924761,11340623.019838195,11392303.642271794,11337241.743152078,11221070.504948074,11210272.945625795,11274018.941434048,11328638.508737473,11390172.73777387,11428633.653733652,11352729.025582246,11305588.261074498,11361529.958892217,11488375.523270957
water and waste 36T39,0.0,0.0,0.0,0.0,0.0,0.0,0.0,0.0,0.0,0.0,0.0,0.0,0.0,0.0,0.0,0.0,0.0,0.0,0.0,0.0,0.0,0.0,0.0,0.0,0.0,0.0,0.0,0.0,0.0,0.0,0.0,0.0,0.0,0.0,0.0,0.0
construction 41T43,0.0,0.0,0.0,0.0,0.0,0.0,0.0,0.0,0.0,0.0,0.0,0.0,0.0,0.0,0.0,0.0,0.0,0.0,0.0,0.0,0.0,0.0,0.0,0.0,0.0,0.0,0.0,0.0,0.0,0.0,0.0,0.0,0.0,0.0,0.0,0.0
