Year,2024.0,2025.0,2026.0,2027.0,2028.0,2029.0,2030.0,2031.0,2032.0,2033.0,2034.0,2035.0,2036.0,2037.0,2038.0,2039.0,2040.0,2041.0,2042.0,2043.0,2044.0,2045.0,2046.0,2047.0,2048.0,2049.0,2050.0
electricity (BTU),5978210000000.0,5938220000000.0,5870380000000.0,5822950000000.0,5788050000000.0,5746500000000.0,5682020000000.0,5623210000000.0,5569230000000.0,5521090000000.0,5476770000000.0,5435590000000.0,5398960000000.0,5363400000000.0,5328050000000.0,5292170000000.0,5255900000000.0,5222260000000.0,5188100000000.0,5154770000000.0,5121600000000.0,5088170000000.0,5052950000000.0,5015090000000.0,4976200000000.0,4937780000000.0,4898380000000.0
coal (BTU),0.0,0.0,0.0,0.0,0.0,0.0,0.0,0.0,0.0,0.0,0.0,0.0,0.0,0.0,0.0,0.0,0.0,0.0,0.0,0.0,0.0,0.0,0.0,0.0,0.0,0.0,0.0
natural gas (BTU),15209200000000.0,15107500000000.0,15304100000000.0,15336900000000.0,15261400000000.0,15105400000000.0,14918100000000.0,14749600000000.0,14668800000000.0,14621000000000.0,14619300000000.0,14624600000000.0,14650100000000.0,14673200000000.0,14695400000000.0,14711600000000.0,14727700000000.0,14749100000000.0,14786400000000.0,14829400000000.0,14879800000000.0,14922200000000.0,14939500000000.0,14939400000000.0,14932300000000.0,14923700000000.0,14916200000000.0
petroleum diesel (BTU),0.0,0.0,0.0,0.0,0.0,0.0,0.0,0.0,0.0,0.0,0.0,0.0,0.0,0.0,0.0,0.0,0.0,0.0,0.0,0.0,0.0,0.0,0.0,0.0,0.0,0.0,0.0
heat (BTU),0.0,0.0,0.0,0.0,0.0,0.0,0.0,0.0,0.0,0.0,0.0,0.0,0.0,0.0,0.0,0.0,0.0,0.0,0.0,0.0,0.0,0.0,0.0,0.0,0.0,0.0,0.0
biomass (BTU),0.0,0.0,0.0,0.0,0.0,0.0,0.0,0.0,0.0,0.0,0.0,0.0,0.0,0.0,0.0,0.0,0.0,0.0,0.0,0.0,0.0,0.0,0.0,0.0,0.0,0.0,0.0
kerosene (BTU),0.0,0.0,0.0,0.0,0.0,0.0,0.0,0.0,0.0,0.0,0.0,0.0,0.0,0.0,0.0,0.0,0.0,0.0,0.0,0.0,0.0,0.0,0.0,0.0,0.0,0.0,0.0
heavy or residual oil (BTU),0.0,0.0,0.0,0.0,0.0,0.0,0.0,0.0,0.0,0.0,0.0,0.0,0.0,0.0,0.0,0.0,0.0,0.0,0.0,0.0,0.0,0.0,0.0,0.0,0.0,0.0,0.0
LPG propane or butane (BTU),0.0,0.0,0.0,0.0,0.0,0.0,0.0,0.0,0.0,0.0,0.0,0.0,0.0,0.0,0.0,0.0,0.0,0.0,0.0,0.0,0.0,0.0,0.0,0.0,0.0,0.0,0.0
hydrogen (BTU),0.0,0.0,0.0,0.0,0.0,0.0,0.0,0.0,0.0,0.0,0.0,0.0,0.0,0.0,0.0,0.0,0.0,0.0,0.0,0.0,0.0,0.0,0.0,0.0,0.0,0.0,0.0
,,,,,,,,,,,,,,,,,,,,,,,,,,,
"Cell = EPS_output!<corresponding fuel x year cell> (already aggregated from Forecast F7 10 end-uses -> 5 EPS components, x 1000 kBtu->BTU; electricity was data-center-netted at the calibration-target level in Calcs STEP 7b, with DC-stripped growth from Forecast STEP F5a). Pivoted to match EPS US baseline BCEU tab format.",,,,,,,,,,,,,,,,,,,,,,,,,,,
